timestamp,event"2026-03-07 22:58:42","Ticket #1 created for Employee #10034 (Beatriz Santos), issue=TECHNICAL_SUPPORT"
"2026-03-07 22:59:22","Ticket #1 created for Employee #10034 (Beatriz Santos), issue=UI_ERROR"
"2026-03-07 22:59:42","Ticket #1 resolved by Eduard Hernandez"
"2026-03-07 23:00:00","Ticket #1 resolved by Eduard Hernandez"
"2026-03-07 23:00:00","Account unlocked for Employee #10034 by Eduard Hernandez"
"2026-03-07 23:00:45","Ticket #2 created for Employee #10034 (Beatriz Santos), issue=LOGIN_ISSUE"
"2026-03-07 23:01:05","Ticket #2 resolved by Eduard Hernandez"
"2026-03-07 23:01:05","Account unlocked for Employee #10034 by Eduard Hernandez"
"2026-03-07 23:01:30","Ticket #3 created for Employee #10034 (Beatriz Santos), issue=ACCOUNT_LOCKED"
"2026-03-07 23:01:54","Ticket #3 resolved by Eduard Hernandez"
"2026-03-07 23:03:43","Ticket #4 created for Employee #10008 (Alice Romualdez), issue=TECHNICAL_SUPPORT"
"2026-03-07 23:04:13","Ticket #4 resolved by Eduard Hernandez"
"2026-03-07 23:04:13","Password reset for Employee #10008 by Eduard Hernandez"
"2026-03-07 23:05:51","Ticket #5 created for Employee #10008 (Alice Romualdez), issue=PASSWORD_RESET"
"2026-03-07 23:08:23","Ticket #6 created for Employee #10034 (Beatriz Santos), issue=PASSWORD_RESET"
"2026-03-07 23:08:58","Ticket #6 resolved by Eduard Hernandez"
"2026-03-07 23:08:58","Account unlocked for Employee #10034 by Eduard Hernandez"
"2026-03-07 23:19:40","Ticket #7 created for Employee #10034 (Beatriz Santos), issue=PASSWORD_RESET"
"2026-03-07 23:20:19","Ticket #8 created for Employee #10034 (Beatriz Santos), issue=LOGIN_ISSUE"
"2026-03-07 23:20:32","Ticket #9 created for Employee #10034 (Beatriz Santos), issue=PASSWORD_RESET"
"2026-03-07 23:21:08","Ticket #10 created for Employee #10034 (Beatriz Santos), issue=ACCOUNT_LOCKED"
"2026-03-08 00:02:03","Ticket #11 created for Employee #10008 (Alice Romualdez), issue=ACCOUNT_LOCKED"
"2026-03-08 00:35:14","Ticket #10 resolved by Eduard Hernandez"
"2026-03-08 00:35:14","Account unlocked for Employee #10034 by Eduard Hernandez"
"2026-03-08 00:35:25","Ticket #10 resolved by Eduard Hernandez"
"2026-03-08 00:36:09","Ticket #12 created for Employee #10034 (Beatriz Santos), issue=ACCOUNT_LOCKED"
"2026-03-08 00:36:46","Ticket #12 resolved by Eduard Hernandez"
"2026-03-08 00:36:46","Account unlocked for Employee #10034 by Eduard Hernandez"
"2026-03-08 00:37:16","Ticket #13 created for Employee #10034 (Beatriz Santos), issue=PASSWORD_RESET"
"2026-03-08 00:37:46","Ticket #13 resolved by Eduard Hernandez"
"2026-03-08 00:37:46","Temporary password issued for Employee #10034 by Eduard Hernandez"
"2026-03-08 00:42:13","Ticket #14 created for Employee #10034 (Beatriz Santos), issue=TECHNICAL_SUPPORT"
"2026-03-08 00:42:50","Ticket #14 resolved by Eduard Hernandez"
"2026-03-08 00:42:52","Ticket #11 resolved by Eduard Hernandez"
"2026-03-08 00:42:54","Ticket #9 resolved by Eduard Hernandez"
"2026-03-08 00:42:56","Ticket #7 resolved by Eduard Hernandez"
"2026-03-08 00:42:57","Ticket #8 resolved by Eduard Hernandez"
"2026-03-08 00:43:00","Ticket #5 resolved by Eduard Hernandez"
"2026-03-08 01:17:49","Ticket #3 resolved by Eduard Hernandez"
"2026-03-08 01:18:04","Ticket #14 resolved by Eduard Hernandez"
"2026-03-08 01:18:04","Temporary password issued for Employee #10034 by Eduard Hernandez"
"2026-03-08 01:19:57","Ticket #8 resolved by Eduard Hernandez"
"2026-03-08 01:19:57","Temporary password issued for Employee #10034 by Eduard Hernandez"
"2026-03-08 01:21:02","Ticket #15 created for Employee #10034 (Beatriz Santos), issue=ACCOUNT_LOCKED"
"2026-03-08 01:21:22","Ticket #15 resolved by Eduard Hernandez"
"2026-03-08 01:21:22","Account unlocked for Employee #10034 by Eduard Hernandez"
"2026-03-08 01:21:58","Ticket #16 created for Employee #10034 (Beatriz Santos), issue=PASSWORD_RESET"
"2026-03-08 01:23:07","Ticket #16 resolved by Eduard Hernandez"
"2026-03-08 01:23:07","Account unlocked for Employee #10034 by Eduard Hernandez"
"2026-03-08 01:23:11","Ticket #16 resolved by Eduard Hernandez"
"2026-03-08 01:23:11","Account unlocked for Employee #10034 by Eduard Hernandez"
"2026-03-08 01:23:13","Ticket #16 resolved by Eduard Hernandez"
"2026-03-08 01:23:13","Temporary password issued for Employee #10034 by Eduard Hernandez"
